,في,first_name_rank
26343,من,100.0
20262,على,99.95685936151855
28613,و,99.9137187230371
24307,لأ,99.87057808455565
20304,عن,99.8274374460742
2431,أن,99.78429680759275
25456,مأ,99.7411561691113
26103,مع,99.69801553062986
24003,كل,99.6548748921484
22770,قسم,99.61173425366695
2506,أو,99.5685936151855
5522,بن,99.52545297670406
5294,بعد,99.4823123382226
29498,ولأ,99.43917169974115
23338,كأن,99.3960310612597
28507,هو,99.35289042277826
2387,ألى,99.30974978429681
22412,قأل,99.26660914581535
25155,لم,99.2234685073339
5666,بىن,99.18032786885246
29840,ىأ,99.137187230371
25229,له,99.09404659188957
2356,ألأ,99.0509059534081
22491,قبل,99.00776531492667
30850,ىوم,98.96462467644521
24044,كمأ,98.92148403796376
22623,قد,98.87834339948232
25082,لك,98.83520276100086
2434,أنأ,98.79206212251941
28545,هى,98.74892148403796
4559,ب,98.70578084555652
5560,به,98.66264020707507
29641,وهو,98.61949956859361
25264,لو,98.57635893011216
29566,ومن,98.53321829163072
20317,عند,98.49007765314927
25302,لى,98.44693701466781
19641,عبد,98.40379637618636
5563,بهأ,98.36065573770492
19574,عأم,98.31751509922347
24257,ل,98.27437446074202
2545,أى,98.23123382226056
9927,حول,98.18809318377913
25400,م,98.14495254529767
25232,لهأ,98.10181190681621
1646,أبن,98.05867126833478
2463,أنه,98.01553062985332
19805,عدد,97.97238999137188
25112,لكن,97.92924935289042
25995,مصر,97.88610871440898
29438,وقد,97.84296807592753
25158,لمأ,97.79982743744607
25320,لىس,97.75668679896462
11754,دون,97.71354616048318
1791,أحد,97.67040552200173
5087,بس,97.62726488352028
2465,أنى,97.58412424503882
17264,صور,97.54098360655738
5449,بل,97.49784296807593
2353,أل,97.45470232959448
29538,ومأ,97.41156169111302
25191,لن,97.36842105263158
28361,هل,97.32528041415013
5415,بك,97.28213977566867
28696,وأن,97.23899913718724
25194,لنأ,97.19585849870577
26375,منه,97.15271786022434
29642,وهى,97.10957722174288
20335,عنه,97.06643658326144
25258,لهم,97.02329594477999
19643,عبر,96.98015530629853
5489,بمأ,96.93701466781708
28440,هنأ,96.89387402933563
17168,صلى,96.85073339085419
20295,عمل,96.80759275237274
25149,لله,96.76445211389128
2459,أنك,96.72131147540983
29525,ولم,96.67817083692839
1648,أبو,96.63503019844694
19504,ع,96.59188955996548
2385,أله,96.54874892148403
9963,حىن,96.50560828300259
1426,أ,96.46246764452114
13367,رقم,96.4193270060397
12783,ربى,96.37618636755823
25110,لكل,96.33304572907679
26310,ممأ,96.28990509059534
28399,هم,96.2467644521139
2535,أول,96.20362381363245
20282,عمر,96.16048317515099
26867,نحن,96.11734253666955
19819,عدم,96.0742018981881
5443,بكل,96.03106125970665
12749,رب,95.9879206212252
1649,أبى,95.94477998274374
5525,بنأ,95.90163934426229
4645,بأن,95.85849870578085
29789,ى,95.8153580672994
25111,لكم,95.77221742881795
9328,حد,95.72907679033649
9489,حسن,95.68593615185505
10895,د,95.6427955133736
25186,لمن,95.59965487489215
26869,نحو,95.55651423641069
24338,لأن,95.51337359792925
29489,وكل,95.4702329594478
29528,ولو,95.42709232096635
2392,أم,95.3839516824849
25873,مره,95.34081104400344
28503,ههه,95.29767040552201
27649,ه,95.25452976704055
15395,سوق,95.2113891285591
26371,منك,95.16824849007766
2395,أمأ,95.1251078515962
23050,قلب,95.08196721311475
24041,كم,95.0388265746333
9137,حب,94.99568593615186
4621,بأب,94.95254529767041
9073,حأل,94.90940465918895
5635,بى,94.8662640207075
20258,علم,94.82312338222606
30675,ىكن,94.77998274374461
26135,معه,94.73684210526315
24678,لدى,94.6937014667817
9705,حق,94.65056082830026
25060,لقد,94.60742018981881
27328,نقل,94.56427955133736
20436,عىن,94.5211389128559
2410,أمس,94.47799827437447
5452,بلأ,94.43485763589301
17140,صل,94.39171699741155
11467,دعم,94.34857635893012
15335,سنه,94.30543572044866
2019,أسم,94.26229508196722
11752,دول,94.21915444348576
9467,حسب,94.17601380500432
29157,وسط,94.13287316652287
15221,سكس,94.08973252804141
11762,دى,94.04659188955996
12950,رد,94.00345125107852
22874,قطر,93.96031061259707
2499,أهل,93.91716997411562
2577,أىه,93.87402933563416
26413,مو,93.83088869715272
26597,نأس,93.78774805867127
24035,كله,93.74460742018982
11739,دور,93.70146678170836
22413,قأم,93.65832614322692
27527,نور,93.61518550474547
15099,سعد,93.57204486626402
1784,أحب,93.52890422778258
24079,كن,93.48576358930111
13398,ركن,93.44262295081968
16519,ص,93.39948231233822
23200,قول,93.35634167385678
12647,رأح,93.31320103537533
11058,دبى,93.27006039689387
5556,بنى,93.22691975841244
29638,وهم,93.18377911993097
2500,أهم,93.14063848144953
23045,قل,93.09749784296808
14645,سبب,93.05435720448662
9769,حل,93.01121656600517
26377,منى,92.96807592752373
27230,نعم,92.92493528904228
20331,عنك,92.88179465056083
26131,معك,92.83865401207937
18716,طلب,92.79551337359793
2426,أمى,92.75237273511648
9764,حكم,92.70923209663503
20337,عنى,92.66609145815357
15101,سعر,92.62295081967213
9398,حرب,92.57981018119068
9934,حى,92.53666954270923
5659,بىع,92.49352890422779
29356,وعن,92.45038826574633
29529,ولى,92.4072476272649
18874,طىب,92.36410698878343
10951,دأر,92.32096635030199
5590,بهم,92.27782571182054
30520,ىعد,92.23468507333908
20419,عىد,92.19154443485763
23203,قوه,92.14840379637619
20183,عقد,92.10526315789474
11693,ده,92.0621225194133
18859,طول,92.01898188093183
2332,أكد,91.97584124245039
13539,روح,91.93270060396894
23325,كأس,91.88955996548749
2408,أمر,91.84641932700603
29526,ولن,91.80327868852459
16569,صأر,91.76013805004314
25115,لكى,91.71699741156169
26346,منأ,91.67385677308025
22650,قدم,91.63071613459879
25334,لىه,91.58757549611735
29509,ولد,91.54443485763589
22821,قصص,91.50129421915445
26536,ن,91.458153580673
26337,ممن,91.41501294219154
24184,كى,91.3718723037101
29559,ومع,91.32873166522864
26137,معى,91.2855910267472
18224,طب,91.24245038826575
29229,وصل,91.19930974978429
1615,أب,91.15616911130284
22639,قدر,91.1130284728214
19558,عأد,91.06988783433995
25814,مدى,91.0267471958585
27535,نوع,90.98360655737704
22881,قطع,90.9404659188956
30178,ىد,90.89732528041415
5430,بكر,90.8541846419327
25151,للى,90.81104400345124
26297,ملك,90.76790336496981
20307,عنأ,90.72476272648835
9546,حصل,90.6816220880069
29711,وىن,90.63848144952546
24082,كنأ,90.595340811044
29080,ورد,90.55220017256256
22688,قرب,90.5090595340811
14489,س,90.46591889559966
23235,قىل,90.42277825711821
12777,ربك,90.37963761863675
15402,سوى,90.3364969801553
5414,بقى,90.29335634167386
2537,أون,90.25021570319241
30408,ىصل,90.20707506471096
12582,ر,90.1639344262295
23273,ك,90.12079378774806
4967,بدر,90.07765314926661
30118,ىحب,90.03451251078516
16741,صح,89.9913718723037
23081,قم,89.94823123382226
27319,نقص,89.90509059534081
20178,عقب,89.86194995685936
15408,سى,89.81880931837792
25841,مر,89.77566867989646
9164,حبك,89.73252804141502
26106,معأ,89.68938740293356
29448,وقع,89.64624676445212
20269,عمأ,89.60310612597067
12653,رأس,89.55996548748921
23610,كده,89.51682484900778
5550,بنك,89.47368421052632
16816,صدر,89.43054357204487
26480,مىن,89.38740293356342
29527,وله,89.34426229508196
9802,حلو,89.30112165660051
2421,أمل,89.25798101811907
2576,أىن,89.21484037963762
5116,بسم,89.17169974115617
26266,مكه,89.12855910267471
27577,نىك,89.08541846419327
9820,حمد,89.04227782571182
4912,بحق,88.99913718723037
4951,بد,88.95599654874891
27097,نص,88.91285591026747
28402,همأ,88.86971527178602
14663,سبق,88.82657463330457
11792,دىن,88.78343399482313
15422,سىد,88.74029335634167
27109,نصر,88.69715271786023
4954,بدأ,88.65401207937877
2312,أقل,88.61087144089733
9005,ح,88.56773080241588
29298,وطن,88.52459016393442
15261,سلم,88.48144952545299
18429,طرق,88.43830888697153
9799,حلم,88.39516824849008
5031,برد,88.35202761000863
20400,عون,88.30888697152717
10965,دأم,88.26574633304573
5463,بلد,88.22260569456428
16825,صدق,88.17946505608283
20352,عهد,88.13632441760139
2382,ألل,88.09318377911993
26367,منع,88.05004314063848
25485,مأل,88.00690250215703
26595,نأر,87.96376186367559
25740,محل,87.92062122519413
23205,قوى,87.8774805867127
29523,ولك,87.83433994823123
22817,قصر,87.79119930974979
5444,بكم,87.74805867126834
26407,مهم,87.70491803278688
12668,رأى,87.66177739430545
14893,سر,87.61863675582399
2470,أه,87.57549611734254
30258,ىرد,87.53235547886109
17012,صعب,87.48921484037963
2383,ألم,87.44607420189818
4901,بحر,87.40293356341674
26219,مقر,87.35979292493529
9844,حنأ,87.31665228645385
29637,وهل,87.27351164797238
2423,أمن,87.23037100949094
29032,ودى,87.18723037100949
25333,لىن,87.14408973252804
30635,ىقع,87.10094909404658
9730,حقق,87.05780845556515
26450,مى,87.01466781708369
30683,ىلأ,86.97152717860224
20050,عطر,86.9283865401208
27421,نمر,86.88524590163934
5247,بطل,86.8421052631579
30732,ىمر,86.79896462467644
24951,لعب,86.755823986195
22832,قصه,86.71268334771355
15361,سهل,86.66954270923209
9776,حلب,86.62640207075066
12781,ربه,86.5832614322692
30278,ىرى,86.54012079378775
4648,بأى,86.4969801553063
24596,لحد,86.45383951682484
1877,أدم,86.4106988783434
5608,بوح,86.36755823986195
28694,وأل,86.3244176013805
4642,بأك,86.28127696289906
15304,سن,86.2381363244176
27541,نوم,86.19499568593615
23677,كره,86.1518550474547
5649,بىد,86.10871440897326
5517,بمن,86.0655737704918
19860,عرب,86.02243313201036
9835,حمل,85.9792924935289
9708,حقأ,85.93615185504746
2424,أمه,85.89301121656601
25331,لىل,85.84987057808455
27725,هأى,85.80672993960312
2084,أصل,85.76358930112166
11444,دعأ,85.72044866264021
15424,سىر,85.67730802415876
26721,نبى,85.6341673856773
25490,مأى,85.59102674719585
19820,عدن,85.54788610871441
25811,مدن,85.50474547023296
10935,دأ,85.46160483175152
15299,سمو,85.41846419327005
5624,بوك,85.37532355478861
1618,أبأ,85.33218291630716
17216,صنع,85.28904227782571
30714,ىلى,85.24590163934425
4979,بدل,85.20276100086281
1795,أحس,85.15962036238136
19950,عسى,85.11647972389991
28417,همس,85.07333908541847
24341,لأى,85.030198446937
30205,ىدل,84.98705780845557
29991,ىبى,84.94391716997411
14789,سحب,84.90077653149267
1881,أدى,84.85763589301122
24176,كون,84.81449525452976
23201,قوم,84.77135461604833
18415,طرح,84.72821397756687
30210,ىدى,84.68507333908542
25305,لىأ,84.64193270060397
19995,عصر,84.59879206212251
20266,عم,84.55565142364107
26059,مطر,84.51251078515962
25472,مأر,84.46937014667817
22354,ق,84.42622950819673
24006,كلأ,84.38308886971527
25054,لقب,84.33994823123382
18171,طأل,84.29680759275237
11625,دم,84.25366695427093
13561,روى,84.21052631578947
14798,سحر,84.16738567730803
23220,قىد,84.12424503882657
2195,أعد,84.08110440034513
22697,قرر,84.03796376186368
27491,نهر,83.99482312338222
25294,لون,83.95168248490079
12912,رحم,83.90854184641933
30208,ىده,83.86540120793788
26843,نحب,83.82226056945643
12773,ربع,83.77911993097497
25725,محد,83.73597929249354
23109,قمه,83.69283865401208
2540,أوى,83.64969801553063
11777,دىر,83.60655737704919
9168,حبه,83.56341673856772
27721,هأم,83.52027610008628
12953,ردأ,83.47713546160483
29339,وعد,83.43399482312338
5017,بر,83.39085418464194
14563,سأن,83.34771354616049
14660,سبع,83.30457290767903
28364,هلأ,83.26143226919758
30327,ىسر,83.21829163071614
15290,سمع,83.17515099223468
29683,وىأ,83.13201035375324
20412,عىب,83.08886971527178
5035,برس,83.04572907679034
26355,منح,83.00258843830889
30640,ىقل,82.95944779982743
28538,هون,82.916307161346
24175,كوم,82.87316652286454
2420,أمك,82.83002588438309
16864,صرح,82.78688524590164
24972,لعل,82.74374460742018
12980,رده,82.70060396893874
29573,ون,82.65746333045729
18807,طه,82.61432269197584
15055,سطح,82.5711820534944
19945,عسل,82.52804141501294
11278,درس,82.48490077653149
4643,بأل,82.44176013805004
18417,طرد,82.3986194995686
23726,كسر,82.35547886108714
29453,وقل,82.3123382226057
27691,هأ,82.26919758412424
26580,نأ,82.2260569456428
29490,وكم,82.18291630716135
5051,برى,82.13977566867989
9170,حبى,82.09663503019846
16771,صحه,82.053494391717
20214,عكس,82.01035375323555
30815,ىهم,81.9672131147541
9735,حقه,81.92407247627264
19645,عبس,81.88093183779121
13103,رسم,81.83779119930975
16643,صبر,81.7946505608283
9140,حبأ,81.75150992234686
18730,طلع,81.7083692838654
29687,وىب,81.66522864538395
15362,سهم,81.6220880069025
4892,بحب,81.57894736842105
24610,لحل,81.53580672993961
28806,وبك,81.49266609145815
29026,ودك,81.4495254529767
28699,وأى,81.40638481449525
25330,لىك,81.36324417601381
1990,أس,81.32010353753235
28548,هىأ,81.27696289905091
9392,حر,81.23382226056945
20195,عقل,81.19068162208801
23675,كرم,81.14754098360656
23075,قله,81.1044003451251
27032,نسب,81.06125970664367
11267,درب,81.0181190681622
27438,نمو,80.97497842968076
25079,لقى,80.93183779119931
20229,عل,80.88869715271785
2464,أنو,80.8455565142364
26441,مول,80.80241587575496
12886,رح,80.75927523727351
23093,قمر,80.71613459879207
30138,ىحق,80.6729939603106
29491,وكن,80.62985332182916
18598,طعم,80.58671268334771
15298,سمه,80.54357204486627
24804,لسه,80.5004314063848
18106,ط,80.45729076790337
13596,رىم,80.41415012942191
18775,طن,80.37100949094047
30140,ىحل,80.32786885245902
12911,رحل,80.28472821397756
29093,ورق,80.24158757549613
15268,سم,80.19844693701467
2449,أنس,80.15530629853322
1952,أرى,80.11216566005177
9937,حىأ,80.06902502157031
19794,عدأ,80.02588438308888
26995,نرى,79.98274374460742
9421,حرم,79.93960310612597
15371,سوأ,79.89646246764453
14925,سرى,79.85332182916306
28938,وحب,79.81018119068162
23586,كدأ,79.76704055220017
13150,رصد,79.72389991371872
12664,رأم,79.68075927523728
29000,ود,79.63761863675583
14896,سرأ,79.59447799827437
26376,منو,79.55133735979292
25117,لل,79.50819672131148
20255,علق,79.46505608283002
18245,طبع,79.42191544434858
2347,أكل,79.37877480586712
24611,لحم,79.33563416738568
15232,سكن,79.29249352890423
18255,طبى,79.24935289042277
23411,كبر,79.20621225194134
24033,كلم,79.16307161345988
5597,بو,79.11993097497843
9961,حىل,79.07679033649698
29073,ورب,79.03364969801552
9075,حأن,78.99050905953409
28796,وبس,78.94736842105263
14665,سبل,78.90422778257118
24037,كلى,78.86108714408974
9331,حدأ,78.81794650560828
30754,ىنأ,78.77480586712683
11779,دىس,78.73166522864538
19822,عدو,78.68852459016394
30393,ىصح,78.64538395168249
15193,سقط,78.60224331320104
25780,مد,78.55910267471958
24010,كلب,78.51596203623814
12771,ربط,78.47282139775669
30851,ىون,78.42968075927523
19821,عده,78.3865401207938
1631,أبر,78.34339948231234
20384,عود,78.30025884383089
18683,طقم,78.25711820534944
9731,حقك,78.21397756686798
30694,ىلد,78.17083692838655
24902,لطب,78.12769628990509
29615,وهب,78.08455565142364
9772,حلأ,78.0414150129422
22815,قصد,77.99827437446073
20293,عمق,77.95513373597929
15271,سمأ,77.91199309749784
14841,سد,77.8688524590164
15219,سكر,77.82571182053495
23236,قىم,77.78257118205349
9461,حس,77.73943054357204
11613,دلع,77.6962899050906
19560,عأر,77.65314926660915
24451,لبس,77.61000862812769
22478,قبر,77.56686798964625
30204,ىدك,77.5237273511648
23073,قلم,77.48058671268335
28433,همى,77.4374460742019
5667,بىه,77.39430543572044
27784,هب,77.35116479723901
30820,ىو,77.30802415875755
5663,بىك,77.2648835202761
29069,ورأ,77.22174288179465
28665,وأ,77.1786022433132
9826,حمص,77.13546160483176
28683,وأس,77.0923209663503
29495,ول,77.04918032786885
1629,أبد,77.0060396893874
17102,صقر,76.96289905090595
23224,قىس,76.9197584124245
23337,كأم,76.87661777394305
4984,بدى,76.8334771354616
23711,كس,76.79033649698016
9411,حرص,76.74719585849871
18248,طبق,76.70405522001725
2336,أكس,76.6609145815358
20300,عمى,76.61777394305436
16773,صحى,76.5746333045729
30849,ىول,76.53149266609147
2007,أسس,76.48835202761
22862,قط,76.44521138912856
20298,عمه,76.40207075064711
4615,بأ,76.35893011216565
23661,كرر,76.31578947368422
28431,همه,76.27264883520276
23737,كسل,76.22950819672131
15337,سنى,76.18636755823987
28427,همك,76.12165660051768
23718,كسب,76.12165660051768
24152,كوب,76.05694564279551
5249,بطن,76.01380500431407
5625,بول,75.97066436583262
5664,بىل,75.92752372735117
25487,مأن,75.88438308886971
14870,سدى,75.84124245038826
22715,قرى,75.79810181190682
18674,طقس,75.75496117342536
29709,وىل,75.71182053494393
9418,حرق,75.66867989646246
23070,قلق,75.62553925798102
29696,وىر,75.58239861949957
27565,نىر,75.53925798101811
19818,عدل,75.49611734253668
9768,حكى,75.45297670405522
1855,أدب,75.40983606557377
26478,مىل,75.36669542709232
5020,برأ,75.32355478861086
28810,وبه,75.28041415012943
20297,عمن,75.23727351164797
25565,مب,75.19413287316652
28450,هند,75.15099223468508
12752,ربأ,75.10785159620362
26609,نأم,75.06471095772217
4632,بأس,75.02157031924072
16832,صدى,74.97842968075928
27101,نصب,74.93528904227783
22684,قرأ,74.89214840379638
24159,كود,74.84900776531492
15334,سنن,74.80586712683348
28959,وحل,74.76272648835203
27523,نوح,74.71958584987057
26269,مل,74.67644521138914
30129,ىحس,74.63330457290768
19823,عدى,74.59016393442623
16640,صبح,74.54702329594478
1930,أرح,74.50388265746332
13359,رقص,74.46074201898189
20039,عطأ,74.41760138050043
15398,سوم,74.37446074201898
14561,سأل,74.33132010353754
24612,لحن,74.28817946505607
4983,بدو,74.24503882657464
11276,درر,74.20189818809318
22712,قرن,74.15875754961174
9583,حط,74.11561691113029
11591,دل,74.07247627264883
23859,كعب,74.02933563416738
15300,سمى,73.98619499568593
17255,صوب,73.94305435720449
13371,رقى,73.89991371872304
25719,محب,73.8567730802416
4899,بحد,73.81363244176013
4638,بأع,73.77049180327869
27313,نقد,73.72735116479724
14641,سبأ,73.68421052631578
25923,مسح,73.64106988783435
27998,هدى,73.59792924935289
23997,ككل,73.55478861087144
15317,سند,73.51164797239
27058,نسى,73.46850733390853
29359,وعى,73.4253666954271
28778,وب,73.38222605694564
12964,ردد,73.3390854184642
25812,مده,73.29594477998275
25335,لىو,73.25280414150129
13578,رىح,73.20966350301984
27581,نىه,73.1665228645384
29611,وهأ,73.12338222605695
30747,ىمه,73.0802415875755
28573,هىك,73.03710094909405
5448,بكى,72.9939603106126
9732,حقل,72.95081967213115
28510,هوأ,72.9076790336497
4919,بحى,72.86453839516824
12761,ربح,72.8213977566868
29674,وون,72.77825711820535
11441,دع,72.7351164797239
24211,كىك,72.69197584124245
14855,سدر,72.64883520276099
19791,عد,72.60569456427956
26608,نأل,72.5625539257981
9488,حسم,72.51941328731665
15279,سمح,72.4762726488352
14854,سدد,72.43313201035375
30751,ىن,72.38999137187231
25792,مدح,72.34685073339085
29030,وده,72.3037100949094
29984,ىبق,72.26056945642796
25187,لمه,72.21742881794651
9341,حدد,72.17428817946505
27427,نمط,72.1311475409836
13247,رعب,72.08800690250216
17299,صىد,72.04486626402071
18149,طأب,72.00172562553927
15255,سلع,71.9585849870578
2548,أىأ,71.91544434857636
5555,بنو,71.87230371009491
11533,دق,71.82916307161345
9165,حبل,71.78602243313202
15384,سور,71.74288179465056
15283,سمر,71.69974115616911
24213,كىم,71.65660051768766
9409,حرس,71.6134598792062
14548,سأر,71.57031924072477
19573,عأل,71.52717860224331
5467,بلس,71.48403796376186
14650,سبح,71.44089732528042
18818,طهر,71.39775668679896
29870,ىأم,71.35461604831751
26477,مىك,71.31147540983606
29858,ىأس,71.26833477135462
29159,وسع,71.22519413287317
11282,درع,71.18205349439172
27994,هدم,71.13891285591026
27705,هأد,71.09577221742882
24034,كلن,71.05263157894737
24072,كمن,71.00949094046591
11260,در,70.96635030198448
11753,دوم,70.92320966350302
23155,قهر,70.88006902502157
16801,صد,70.83692838654012
30746,ىمن,70.79378774805866
1644,أبل,70.75064710957723
25980,مص,70.70750647109577
25281,لوس,70.66436583261432
5024,برب,70.62122519413288
1808,أحن,70.57808455565142
18883,طىر,70.53494391716998
24467,لبى,70.49180327868852
2422,أمم,70.44866264020708
4630,بأر,70.40552200172563
27970,هدأ,70.36238136324417
9154,حبس,70.31924072476272
5653,بىس,70.27610008628128
28541,هوى,70.23295944779983
12891,رحب,70.18981880931838
22407,قأع,70.14667817083694
25259,لهن,70.10353753235547
2003,أسد,70.06039689387403
9058,حأد,70.01725625539258
24197,كىد,69.97411561691112
13545,روس,69.93097497842969
30771,ىنص,69.88783433994823
24337,لأم,69.84469370146678
24201,كىس,69.80155306298533
9734,حقن,69.75841242450387
22397,قأد,69.71527178602244
2349,أكن,69.67213114754098
28964,وحى,69.62899050905953
9737,حقى,69.58584987057809
29592,ونص,69.54270923209663
26385,مهأ,69.4995685936152
1932,أرد,69.45642795513373
9548,حصن,69.41328731665229
2299,أقر,69.37014667817084
5536,بند,69.3270060396894
27175,نطق,69.28386540120793
23114,قنأ,69.24072476272649
18599,طعن,69.19758412424504
24174,كول,69.1544434857636
2503,أهو,69.11130284728215
18848,طور,69.06816220880069
11723,دو,69.02502157031924
9357,حده,68.9818809318378
15368,سو,68.93874029335633
24187,كىأ,68.8955996548749
25938,مسك,68.85245901639344
25744,محو,68.80931837791199
14565,سأو,68.76617773943055
9539,حصر,68.72303710094909
17146,صلب,68.67989646246765
28679,وأد,68.63675582398619
24110,كنه,68.59361518550475
24190,كىب,68.5504745470233
28957,وحق,68.50733390854185
27582,نىو,68.46419327006039
15352,سهر,68.42105263157895
23652,كرب,68.3779119930975
26443,مون,68.33477135461605
28437,هن,68.2916307161346
29022,ودع,68.24849007765314
18154,طأح,68.2053494391717
20232,علأ,68.16220880069025
28521,هود,68.11906816220879
5044,برق,68.07592752372736
27120,نصل,68.0327868852459
14562,سأم,67.98964624676445
14638,سب,67.946505608283
19935,عسر,67.90336496980154
13465,رمى,67.86022433132011
26298,ملل,67.81708369283865
5603,بوب,67.7739430543572
1919,أر,67.73080241587576
13469,رنأ,67.6876617773943
24031,كلك,67.64452113891286
29100,ورى,67.6013805004314
15229,سكك,67.55823986194996
5050,برو,67.51509922346851
14918,سرق,67.47195858498706
11794,دىو,67.4288179465056
15382,سود,67.38567730802416
26281,ملح,67.34253666954271
13566,رى,67.29939603106126
27549,نى,67.25625539257982
22803,قص,67.21311475409836
15115,سعه,67.16997411561691
14923,سره,67.12683347713546
15259,سلك,67.083692838654
15117,سعى,67.04055220017257
22866,قطب,66.99741156169111
12982,ردى,66.95427092320966
9423,حره,66.91113028472822
17167,صلو,66.86798964624676
25911,مس,66.82484900776532
4917,بحه,66.78170836928386
24608,لحق,66.73856773080242
30181,ىدأ,66.69542709232097
17199,صن,66.65228645383951
30388,ىصب,66.60914581535806
4914,بحل,66.56600517687662
1778,أح,66.52286453839517
14539,سأب,66.47972389991372
15397,سول,66.43658326143228
30245,ىر,66.39344262295081
29680,وى,66.35030198446937
27509,نهى,66.30716134598792
10966,دأن,66.26402070750646
5385,بقأ,66.22088006902503
26272,ملأ,66.17773943054357
28695,وأم,66.13459879206212
22641,قدس,66.09145815358067
29672,وول,66.04831751509921
26299,ملم,66.00517687661778
30627,ىقر,65.96203623813632
27333,نقى,65.91889559965487
26465,مىر,65.87575496117343
15226,سكع,65.83261432269197
30312,ىس,65.78947368421053
9474,حسد,65.74633304572907
19880,عرق,65.70319240724763
11645,دمع,65.66005176876618
26268,مكى,65.61691113028473
2005,أسر,65.57377049180327
13523,رهن,65.53062985332183
11558,دقه,65.48748921484038
23321,كأد,65.44434857635893
5469,بلص,65.40120793787749
18410,طرب,65.35806729939603
27512,نو,65.31492666091458
30325,ىسد,65.27178602243313
13573,رىب,65.22864538395167
24464,لبن,65.18550474547024
9741,حك,65.14236410698878
11655,دمى,65.09922346850733
30744,ىمل,65.05608283002589
9395,حرأ,65.01294219154443
16629,صب,64.969801553063
2381,ألك,64.92666091458153
9964,حىه,64.88352027610009
27578,نىل,64.84037963761864
11768,دىب,64.79723899913719
13377,ركب,64.75409836065575
13254,رعد,64.71095772217429
4641,بأق,64.66781708369284
11790,دىل,64.62467644521139
14559,سأق,64.58153580672995
24070,كمل,64.53839516824848
9718,حقد,64.49525452976704
5049,بره,64.45211389128559
15307,سنأ,64.40897325280415
27525,نود,64.3658326143227
24340,لأو,64.32269197584124
27366,نكن,64.27955133735979
28944,وحد,64.23641069887834
24974,لعن,64.19327006039688
30142,ىحن,64.15012942191545
15437,سىل,64.10698878343399
4980,بدم,64.06384814495254
11653,دمه,64.0207075064711
9796,حلق,63.977566867989644
9060,حأر,63.934426229508205
24336,لأل,63.891285591026744
24112,كنى,63.8481449525453
25459,مأأ,63.80500431406385
27542,نون,63.7618636755824
28698,وأو,63.71872303710094
15294,سمك,63.675582398619504
30717,ىم,63.63244176013805
26307,مم,63.589301121656604
23189,قوس,63.54616048317515
30734,ىمس,63.503019844693696
2386,ألو,63.45987920621226
30834,ىود,63.4167385677308
28389,هلك,63.37359792924935
22713,قره,63.3304572907679
14919,سرك,63.28731665228645
13554,روق,63.24417601380501
9537,حصد,63.201035375323556
19987,عصب,63.1578947368421
1871,أدع,63.114754098360656
30133,ىحط,63.0716134598792
26301,مله,63.02847282139775
25941,مسن,62.98533218291631
29854,ىأد,62.942191544434856
11741,دوس,62.899050905953416
2520,أود,62.85591026747196
2559,أىد,62.81276962899051
5542,بنص,62.76962899050906
14804,سحق,62.72648835202761
17018,صعد,62.683347713546155
9152,حبر,62.640207075064716
27567,نىس,62.59706643658326
23101,قمع,62.553925798101815
26481,مىه,62.51078515962036
24036,كلو,62.46764452113891
20330,عنق,62.42450388265747
28037,هرب,62.381363244176015
5483,بلى,62.33822260569456
23742,كسى,62.295081967213115
15057,سطر,62.25194132873166
9841,حن,62.20880069025022
18345,طحن,62.16566005176877
28536,هول,62.122519413287314
15263,سله,62.079378774805875
19654,عبق,62.036238136324414
13599,رىو,61.99309749784297
29165,وسم,61.94995685936152
12661,رأق,61.90681622088007
17278,صوم,61.86367558239861
5651,بىر,61.820534943917174
4634,بأص,61.77739430543572
25484,مأك,61.734253666954274
30145,ىحى,61.69111302847282
24716,لرب,61.64797238999137
29096,ورم,61.60483175150993
19871,عرس,61.56169111302847
12666,رأه,61.51855047454702
26934,ندى,61.47540983606557
11471,دعى,61.43226919758412
11639,دمر,61.38912855910268
30200,ىدع,61.345987920621226
11286,درك,61.30284728213977
20280,عمد,61.259706643658326
25745,محى,61.21656600517687
24085,كنب,61.17342536669542
11292,درى,61.13028472821398
29639,وهن,61.087144089732526
11457,دعس,61.044003451251086
24199,كىر,61.00086281276963
18857,طوق,60.95772217428818
22701,قرص,60.91458153580673
20310,عنب,60.87144089732528
26593,نأد,60.828300258843825
20260,عله,60.785159620362386
11789,دىك,60.74201898188093
26711,نبع,60.698878343399485
9549,حصه,60.65573770491803
11793,دىه,60.61259706643658
28577,هىه,60.56945642795514
2561,أىر,60.526315789473685
18868,طى,60.48317515099223
25914,مسأ,60.440034512510785
30730,ىمد,60.39689387402933
1799,أحط,60.35375323554789
28395,هلى,60.31061259706644
30203,ىدق,60.267471958584984
23207,قى,60.224331320103545
9051,حأب,60.181190681622084
2203,أعط,60.13805004314064
5638,بىأ,60.09490940465919
15205,سقى,60.05176876617774
1849,أد,60.0086281276963
13498,ره,59.965487489214844
30397,ىصر,59.92234685073339
29535,وم,59.879206212251944
4903,بحس,59.83606557377049
2445,أند,59.79292493528904
5642,بىب,59.7497842968076
5612,بور,59.70664365832614
17150,صلح,59.6635030198447
26930,ندم,59.62036238136324
20061,عطل,59.57722174288179
25844,مرأ,59.53408110440035
23077,قلى,59.4909404659189
23307,كأ,59.44779982743744
24314,لأب,59.404659188955996
16583,صأم,59.36151855047454
24310,لأأ,59.31837791199309
26416,موأ,59.27523727351165
30318,ىسب,59.232096635030196
12635,رأ,59.188955996548756
30475,ىطل,59.1458153580673
18898,طىن,59.10267471958585
24600,لحس,59.0595340811044
27123,نصه,59.01639344262295
23409,كبد,58.973252804141495
1804,أحق,58.930112165660056
27981,هدد,58.8869715271786
27214,نعد,58.843830888697156
15236,سل,58.8006902502157
13555,روك,58.75754961173425
20261,علو,58.71440897325281
1483,أأ,58.671268334771355
25173,لمس,58.6281276962899
24433,لب,58.584987057808455
11043,دبر,58.541846419327
26392,مهد,58.49870578084556
25474,مأس,58.45556514236411
26251,مكر,58.412424503882654
24788,لسد,58.369283865401215
9915,حور,58.326143226919754
13541,رود,58.28300258843831
27815,هبه,58.23986194995686
18778,طنأ,58.19672131147541
27707,هأر,58.15358067299397
18733,طلق,58.110440034512514
12658,رأع,58.06729939603106
5591,بهن,58.024158757549614
20408,عىأ,57.98101811906816
26854,نحس,57.93787748058671
30536,ىعم,57.89473684210527
28474,هه,57.851596203623814
9589,حطب,57.80845556514237
1874,أدق,57.76531492666091
26117,معد,57.72217428817946
26394,مهر,57.67903364969802
26323,ممر,57.63589301121657
26419,موب,57.59275237273511
25291,لوك,57.549611734253666
29843,ىأأ,57.50647109577221
1852,أدأ,57.46333045729077
22774,قسى,57.42018981880932
4978,بدك,57.377049180327866
28514,هوب,57.33390854184643
13203,رطب,57.29076790336497
30125,ىحد,57.24762726488352
15242,سلب,57.20448662640207
28576,هىن,57.16134598792062
14668,سبه,57.118205349439165
25853,مرح,57.075064710957726
29568,ومو,57.03192407247627
5482,بلو,56.988783433994826
25275,لوح,56.94564279551337
16565,صأح,56.90250215703192
11628,دمأ,56.85936151855048
24106,كنك,56.816220880069025
30787,ىه,56.77308024158757
22474,قبح,56.729939603106125
22834,قصى,56.68679896462467
30641,ىقم,56.64365832614323
26690,نبأ,56.60051768766178
5227,بطب,56.557377049180324
13580,رىد,56.514236410698885
5108,بسط,56.471095772217424
17194,صمم,56.42795513373598
27723,هأه,56.38481449525453
5158,بص,56.34167385677308
27722,هأن,56.29853321829164
19985,عصأ,56.255392579810184
17166,صله,56.21225194132873
26382,مه,56.169111302847284
29329,وع,56.12597066436583
9486,حسك,56.08283002588438
9419,حرك,56.03968938740294
26388,مهب,55.996548748921484
27475,نه,55.95340811044004
20205,عكأ,55.91026747195858
25261,لهو,55.86712683347713
2365,ألح,55.82398619499569
9541,حصص,55.78084555651424
22758,قسد,55.73770491803278
27996,هده,55.69456427955134
11290,دره,55.65142364106988
27719,هأك,55.60828300258844
16770,صحن,55.56514236410699
2473,أهأ,55.522001725625536
11718,دهن,55.4788610871441
16660,صبى,55.43572044866264
2137,أطر,55.39257981018119
25942,مسه,55.34943917169974
23537,كحد,55.30629853321829
22399,قأر,55.26315789473685
18158,طأر,55.220017256255396
23141,قنى,55.17687661777394
2534,أوك,55.133735979292496
27099,نصأ,55.09059534081104
2504,أهى,55.04745470232959
27805,هبط,55.00431406384815
11028,دب,54.961173425366695
14906,سرد,54.91803278688525
14546,سأد,54.874892148403795
28574,هىل,54.83175150992234
27505,نهم,54.7886108714409
15239,سلأ,54.74547023295945
23341,كأى,54.702329594477995
22922,قعد,54.659188955996555
20236,علب,54.616048317515094
9966,حىى,54.57290767903365
30540,ىعى,54.5297670405522
28952,وحط,54.48662640207075
12976,ردك,54.44348576358931
5614,بوس,54.400345125107854
18660,طق,54.3572044866264
17117,صك,54.314063848144954
12642,رأب,54.2709232096635
26303,ملى,54.22778257118205
20294,عمك,54.18464193270061
24216,كىو,54.141501294219154
22705,قرع,54.09836065573771
9803,حلى,54.055220017256254
30743,ىمك,54.0120793787748
9801,حله,53.96893874029336
24325,لأس,53.92579810181191
2073,أصر,53.88265746333045
14844,سدأ,53.83951682484901
25297,لوى,53.79637618636755
11649,دمك,53.75323554788611
29454,وقم,53.71009490940466
9840,حمى,53.666954270923206
25293,لوم,53.62381363244177
27545,نوى,53.58067299396031
27482,نهب,53.53753235547886
24173,كوك,53.49439171699741
1945,أرق,53.45125107851596
28470,هنى,53.40811044003452
27335,نك,53.364969801553066
26975,نرد,53.32182916307161
11053,دبل,53.278688524590166
22764,قسط,53.23554788610871
23107,قمم,53.19240724762726
29576,ونأ,53.14926660914582
25794,مدد,53.106125970664365
23072,قلل,53.06298533218292
25285,لوط,53.019844693701465
25236,لهب,52.97670405522001
29152,وسر,52.93356341673857
24214,كىن,52.89042277825712
29871,ىأن,52.847282139775665
2574,أىل,52.804141501294225
4628,بأد,52.761000862812764
11031,دبأ,52.717860224331325
13432,رم,52.67471958584987
26335,ممل,52.63157894736842
15233,سكه,52.58843830888698
15386,سوس,52.545297670405525
2377,ألع,52.50215703192407
15401,سوو,52.459016393442624
9359,حدى,52.41587575496117
5045,برك,52.37273511647972
26865,نحل,52.32959447799828
23550,كحل,52.286453839516824
13443,رمح,52.24331320103538
9062,حأس,52.200172562553924
20434,عىل,52.15703192407247
29608,وه,52.11389128559103
13514,رهط,52.07075064710958
24589,لحب,52.02761000862812
10959,دأع,51.98446937014668
27983,هدر,51.94132873166522
13557,روم,51.898188093183784
11621,دله,51.85504745470233
14550,سأس,51.811906816220876
1807,أحم,51.76876617773944
26428,مور,51.72562553925798
29003,ودأ,51.68248490077653
2070,أصح,51.63934426229508
9806,حم,51.59620362381363
11561,دك,51.55306298533219
2447,أنر,51.509922346850736
29644,وو,51.46678170836928
2371,ألس,51.423641069887836
27434,نمل,51.38050043140638
30334,ىسع,51.33735979292493
25733,محط,51.29421915444349
26440,موك,51.251078515962035
28345,هكر,51.20793787748059
24161,كور,51.164797238999135
2380,ألق,51.12165660051768
22888,قطن,51.07851596203624
2406,أمد,51.03537532355479
28059,هرم,50.992234685073335
14532,سأ,50.949094046591895
24777,لسأ,50.905953408110435
11708,دهس,50.862812769628995
27349,نكد,50.81967213114754
11757,دوى,50.77653149266609
2384,ألن,50.73339085418465
16632,صبأ,50.690250215703195
18711,طل,50.64710957722174
13342,رق,50.603968938740294
16830,صده,50.56082830025884
5627,بون,50.5176876617774
29549,ومد,50.47454702329595
9144,حبب,50.431406384814494
28809,وبن,50.38826574633305
26410,مهو,50.345125107851594
18764,طمع,50.30198446937014
29551,ومر,50.2588438308887
27234,نعى,50.21570319240725
2563,أىس,50.1725625539258
27543,نوه,50.12942191544435
27106,نصح,50.08628127696289
13569,رىأ,50.043140638481454
9798,حلل,50.0
26467,مىس,49.95685936151855
9066,حأط,49.9137187230371
5540,بنس,49.87057808455565
10969,دأى,49.8274374460742
26134,معن,49.78429680759275
12778,ربل,49.7411561691113
5404,بقع,49.69801553062985
2367,ألد,49.654874892148406
29957,ىب,49.61173425366695
1806,أحل,49.5685936151855
26265,مكن,49.52545297670405
23314,كأب,49.482312338222606
29989,ىبه,49.43917169974116
30646,ىك,49.396031061259706
5382,بق,49.35289042277826
20185,عقر,49.309749784296805
9822,حمر,49.26660914581536
30792,ىهب,49.223468507333905
18436,طرى,49.18032786885246
27051,نسق,49.13718723037101
26426,مود,49.094046591889565
2149,أطل,49.050905953408105
24116,كه,49.00776531492666
11661,دنأ,48.96462467644521
29553,ومس,48.921484037963765
18407,طرأ,48.87834339948231
27967,هد,48.835202761000865
1643,أبك,48.79206212251941
4644,بأم,48.748921484037965
9407,حرر,48.70578084555651
2016,أسق,48.662640207075064
12667,رأو,48.61949956859362
17170,صم,48.57635893011217
25211,لنص,48.53321829163072
27125,نصى,48.490077653149264
20008,عصى,48.44693701466782
17279,صون,48.40379637618637
29216,وصح,48.36065573770492
13102,رسل,48.31751509922347
13460,رمل,48.27437446074202
30395,ىصد,48.23123382226057
17222,صنم,48.18809318377912
11706,دهر,48.14495254529767
28539,هوه,48.10181190681622
26852,نحر,48.05867126833478
29276,وطب,48.01553062985332
12662,رأك,47.97238999137187
22889,قطه,47.92924935289042
24723,لرد,47.88610871440898
15253,سلط,47.84296807592752
26463,مىد,47.799827437446076
26906,ندأ,47.75668679896462
26408,مهن,47.713546160483176
9606,حطم,47.67040552200172
13369,رقه,47.627264883520276
24840,لص,47.58412424503883
5170,بصر,47.540983606557376
30769,ىنس,47.49784296807593
27405,نم,47.454702329594475
14900,سرب,47.41156169111303
22695,قرد,47.368421052631575
5093,بسب,47.32528041415013
13584,رىس,47.28213977566868
2524,أوس,47.238999137187236
26613,نأى,47.195858498705775
11588,دكه,47.15271786022433
5630,بوى,47.10957722174288
30193,ىدر,47.066436583261435
29431,وقب,47.02329594477998
30712,ىله,46.980155306298535
23598,كدر,46.93701466781708
11162,دحر,46.893874029335635
25872,مرن,46.85073339085418
23172,قو,46.807592752372734
27053,نسل,46.76445211389129
29090,ورع,46.72131147540984
29150,وسد,46.67817083692839
11056,دبه,46.635030198446934
24675,لدن,46.59188955996549
24319,لأح,46.54874892148404
29234,وصى,46.50560828300259
20066,عطى,46.46246764452114
30781,ىنم,46.41932700603969
29078,ورح,46.37618636755824
23659,كرد,46.33304572907679
18738,طله,46.28990509059534
2023,أسى,46.246764452113894
2085,أصم,46.20362381363245
29137,وس,46.16048317515099
5100,بسد,46.11734253666954
29657,وود,46.07420189818809
28812,وبى,46.03106125970665
16826,صدك,45.98792062122519
10964,دأل,45.944779982743746
29519,ولع,45.90163934426229
22383,قأ,45.858498705780846
30749,ىمى,45.81535806729939
24146,كو,45.772217428817946
2351,أكو,45.7290767903365
28525,هوس,45.68593615185505
22747,قس,45.6427955133736
25189,لمى,45.599654874892146
29990,ىبو,45.5565142364107
13528,رو,45.51337359792925
20257,علل,45.4702329594478
5610,بود,45.42709232096635
20299,عمو,45.383951682484906
25167,لمح,45.34081104400345
29355,وعم,45.297670405522
26253,مكس,45.25452976704055
25783,مدأ,45.211389128559105
5486,بم,45.16824849007765
22401,قأس,45.125107851596205
25869,مرك,45.08196721311475
12972,ردع,45.038826574633305
20421,عىر,44.99568593615185
28559,هىد,44.952545297670405
18759,طمس,44.90940465918896
24032,كلل,44.86626402070751
9353,حدك,44.82312338222606
11726,دوأ,44.779982743744604
30340,ىسم,44.73684210526316
15415,سىب,44.69370146678171
1515,أأه,44.65056082830026
28794,وبر,44.60742018981881
15439,سىن,44.56427955133736
23397,كب,44.52113891285591
16814,صدد,44.47799827437446
16828,صدم,44.43485763589301
28228,هع,44.391716997411564
2538,أوه,44.34857635893012
29872,ىأه,44.30543572044866
5102,بسر,44.26229508196721
30276,ىره,44.21915444348576
22652,قده,44.17601380500432
1642,أبق,44.13287316652286
12665,رأن,44.08973252804142
27364,نكل,44.04659188955996
24582,لح,44.003451251078516
24215,كىه,43.96031061259706
5182,بصل,43.917169974115616
15251,سلس,43.87402933563417
29712,وىه,43.83088869715272
28429,همم,43.78774805867127
25050,لقأ,43.744607420189816
13534,روب,43.70146678170837
2211,أعم,43.65832614322692
30528,ىعط,43.61518550474547
30510,ىع,43.57204486626402
27321,نقط,43.528904227782576
2072,أصد,43.48576358930112
30799,ىهد,43.44262295081967
22681,قر,43.39948231233822
29028,ودم,43.356341673856775
10953,دأس,43.31320103537533
26719,نبه,43.270060396893875
19546,عأ,43.22691975841242
23646,كر,43.183779119930975
13467,رن,43.14063848144953
29066,ور,43.097497842968075
30680,ىل,43.05435720448663
15201,سقم,43.01121656600518
13273,رعى,42.96807592752373
18840,طوب,42.924935289042274
4981,بدن,42.88179465056083
28122,هسه,42.83865401207938
28537,هوم,42.79551337359793
24615,لحى,42.75237273511648
24212,كىل,42.70923209663503
27408,نمأ,42.66609145815358
28689,وأع,42.62295081967213
19629,عب,42.57981018119068
15399,سون,42.536669542709234
5280,بع,42.49352890422779
15336,سنو,42.450388265746334
29166,وسن,42.40724762726488
11699,دهب,42.36410698878343
9492,حسى,42.32096635030199
29960,ىبأ,42.27782571182053
15438,سىم,42.23468507333909
12649,رأد,42.19154443485763
29676,ووو,42.148403796376186
23663,كرس,42.10526315789473
29694,وىد,42.062122519413286
1781,أحأ,42.01898188093184
24806,لسى,41.97584124245039
30720,ىمأ,41.93270060396894
22808,قصب,41.889559965487486
13558,رون,41.84641932700604
29494,وكى,41.80327868852459
28687,وأط,41.76013805004314
5626,بوم,41.71699741156169
25714,مح,41.673856773080246
9334,حدب,41.63071613459879
17300,صىر,41.58757549611734
25857,مرر,41.54443485763589
28932,وح,41.501294219154445
5481,بله,41.458153580673
29208,وص,41.415012942191545
25120,للأ,41.37187230371009
28388,هلق,41.328731665228645
27720,هأل,41.2855910267472
13393,ركع,41.242450388265745
2360,ألب,41.1993097497843
9609,حطو,41.15616911130285
25316,لىد,41.1130284728214
9608,حطه,41.069887834339944
9610,حطى,41.005176876617774
27040,نسر,41.005176876617774
26916,ندد,40.940465918895605
14868,سده,40.89732528041415
4626,بأح,40.8541846419327
10942,دأب,40.81104400345125
19551,عأب,40.767903364969804
28561,هىر,40.72476272648835
22880,قطط,40.681622088006904
27478,نهأ,40.63848144952546
27323,نقع,40.595340811044004
30271,ىرق,40.55220017256255
4886,بح,40.5090595340811
26047,مطأ,40.46591889559966
26963,نر,40.4227782571182
23323,كأر,40.37963761863676
1793,أحر,40.3364969801553
22390,قأب,40.29335634167386
9839,حمو,40.2502157031924
5538,بنر,40.207075064710956
29440,وقر,40.16393442622951
30275,ىرن,40.12079378774806
5166,بصح,40.07765314926661
22654,قدى,40.034512510785156
29301,وطى,39.99137187230371
4982,بده,39.94823123382226
11791,دىم,39.90509059534081
23127,قنص,39.86194995685936
28697,وأه,39.818809318377916
23407,كبح,39.77566867989646
11263,درأ,39.73252804141501
5500,بمد,39.68938740293356
15441,سىو,39.646246764452115
28672,وأب,39.60310612597067
22648,قدك,39.559965487489215
15366,سهى,39.51682484900776
19927,عسأ,39.473684210526315
23090,قمح,39.43054357204487
1879,أده,39.387402933563415
9490,حسه,39.34426229508197
14658,سبط,39.30112165660052
13597,رىن,39.25798101811907
11469,دعه,39.214840379637614
10968,دأو,39.17169974115617
26858,نحط,39.12855910267472
17239,صهر,39.085418464193275
22635,قدح,39.04227782571182
11563,دكأ,38.99913718723037
25179,لمع,38.95599654874892
30710,ىلم,38.912855910267474
30341,ىسن,38.86971527178602
26453,مىأ,38.826574633304574
15206,سك,38.78343399482313
15331,سنك,38.740293356341674
25109,لكك,38.69715271786022
13531,روأ,38.654012079378774
25486,مأم,38.61087144089733
24851,لصد,38.56773080241588
26406,مهل,38.52459016393443
26357,مند,38.48144952545297
1789,أحح,38.43830888697153
29444,وقص,38.39516824849008
30707,ىلق,38.352027610008626
27812,هبل,38.30888697152718
5104,بسس,38.26574633304573
11717,دهم,38.22260569456428
23222,قىر,38.179465056082826
2183,أع,38.13632441760138
26903,ند,38.09318377911993
20405,عى,38.05004314063848
26909,ندب,38.00690250215703
27579,نىم,37.963761863675586
2369,ألر,37.92062122519413
16753,صحح,37.87748058671268
11617,دلك,37.83433994823123
22584,قحب,37.791199309749786
1948,أرم,37.74805867126834
5668,بىو,37.704918032786885
29425,وق,37.66177739430543
17180,صمد,37.618636755823985
22494,قبه,37.57549611734254
30277,ىرو,37.532355478861085
30645,ىقى,37.48921484037964
22924,قعر,37.44607420189819
5117,بسن,37.40293356341674
25874,مرو,37.359792924935284
24803,لسن,37.31665228645384
26336,ممم,37.27351164797239
15071,سطو,37.230371009490945
26006,مصل,37.18723037100949
26716,نبل,37.14408973252804
30631,ىقص,37.10094909404659
5418,بكأ,37.057808455565144
29476,وكر,37.01466781708369
24647,لد,36.971527178602244
17111,صقل,36.9283865401208
29007,ودب,36.885245901639344
28948,وحس,36.84210526315789
23071,قلك,36.798964624676444
5041,برع,36.755823986195
26586,نأب,36.71268334771355
4974,بدع,36.6695427092321
5662,بىق,36.62640207075064
29988,ىبن,36.5832614322692
10963,دأك,36.54012079378775
2373,ألص,36.4969801553063
27724,هأو,36.45383951682485
5473,بلع,36.4106988783434
25742,محن,36.36755823986195
24862,لصق,36.324417601380496
29604,ونه,36.28127696289905
25463,مأب,36.2381363244176
18833,طهى,36.194995685936156
29461,وك,36.1518550474547
5478,بلل,36.108714408973256
5033,برر,36.0655737704918
14908,سرر,36.022433132010356
26430,موس,35.9792924935289
24177,كوه,35.936151855047456
29436,وقح,35.89301121656601
13590,رىع,35.849870578084555
30473,ىطق,35.8067299396031
11675,دنس,35.763589301121655
30248,ىرأ,35.72044866264021
24179,كوى,35.677308024158755
5396,بقر,35.63416738567731
25855,مرد,35.59102674719586
15188,سقر,35.54788610871441
14904,سرح,35.504745470232955
29027,ودل,35.46160483175151
4647,بأو,35.41846419327006
9932,حوى,35.375323554788615
23583,كد,35.33218291630716
15212,سكب,35.28904227782571
2484,أهد,35.24590163934426
13140,رص,35.202761000862814
5252,بطى,35.15962036238136
5554,بنه,35.116479723899914
23423,كبك,35.07333908541847
9874,حنى,35.030198446937014
26446,موى,34.98705780845556
2579,أىى,34.943917169974114
24970,لعق,34.90077653149267
23144,قه,34.85763589301122
29692,وىح,34.81449525452977
29211,وصب,34.77135461604831
25169,لمد,34.72821397756687
25875,مرى,34.68507333908542
18794,طنط,34.64193270060397
30858,ىى,34.59879206212252
28563,هىس,34.55565142364107
20437,عىه,34.51251078515962
29143,وسب,34.469370146678166
23057,قلد,34.42622950819672
30785,ىنى,34.38308886971527
1864,أدر,34.33994823123383
11465,دعك,34.29680759275237
2061,أص,34.253666954270926
29354,وعل,34.21052631578947
9046,حأ,34.167385677308026
18864,طوى,34.12424503882657
4646,بأه,34.081104400345126
9425,حرى,34.03796376186368
26237,مك,33.994823123382226
1925,أرب,33.95168248490077
16577,صأع,33.908541846419325
2319,أك,33.86540120793788
11291,درو,33.82226056945643
27315,نقر,33.77911993097498
30736,ىمص,33.73597929249353
26479,مىم,33.69283865401208
25868,مرق,33.64969801553063
11751,دوك,33.60655737704918
11750,دوق,33.56341673856773
11045,دبس,33.520276100086285
17268,صوص,33.47713546160483
16561,صأب,33.43399482312338
26917,ندر,33.39085418464193
2124,أط,33.347713546160485
13556,رول,33.30457290767903
28535,هوك,33.261432269197584
11321,دس,33.21829163071614
14654,سبر,33.175150992234684
9169,حبو,33.13201035375323
13594,رىك,33.088869715271784
28391,هلم,33.04572907679034
15297,سمن,33.00258843830889
26223,مقص,32.95944779982744
29971,ىبد,32.91630716134598
5250,بطه,32.87316652286454
9903,حوأ,32.83002588438309
27974,هدب,32.78688524590164
13458,رمق,32.74374460742019
18250,طبل,32.70060396893874
27694,هأأ,32.65746333045729
20212,عكر,32.614322691975836
26072,مطل,32.57118205349439
5593,بهو,32.52804141501294
4907,بحط,32.4849007765315
15365,سهو,32.44176013805004
30479,ىطو,32.398619499568596
19809,عدس,32.35547886108714
16584,صأن,32.312338222605696
1876,أدل,32.26919758412424
19983,عص,32.226056945642796
13243,رع,32.18291630716135
29868,ىأك,32.139775668679896
20341,عه,32.09663503019844
28692,وأق,32.053494391716995
16748,صحب,32.01035375323555
1993,أسأ,31.967213114754102
23336,كأل,31.92407247627265
17158,صلع,31.8809318377912
5628,بوه,31.837791199309752
30780,ىنل,31.794650560828302
2313,أقم,31.751509922346848
27539,نوك,31.7083692838654
20064,عطه,31.66522864538395
9949,حىر,31.622088006902505
16769,صحم,31.57894736842105
5394,بقد,31.5358067299396
16859,صرب,31.492666091458155
1514,أأن,31.449525452976708
29025,ودق,31.406384814495254
14670,سبى,31.363244176013804
30535,ىعل,31.320103537532358
26136,معو,31.276962899050908
13217,رطل,31.233822260569454
29708,وىك,31.190681622088007
4734,بب,31.147540983606557
24339,لأه,31.10440034512511
11658,دن,31.061259706643657
28552,هىب,31.018119068162207
13593,رىق,30.97497842968076
25262,لهى,30.931837791199307
23063,قلص,30.88869715271786
13372,رك,30.84555651423641
18879,طىح,30.802415875754964
27329,نقم,30.75927523727351
15235,سكى,30.71613459879206
27229,نعل,30.672993960310613
4965,بدد,30.629853321829163
23185,قود,30.58671268334771
26242,مكب,30.543572044866263
9551,حصى,30.500431406384816
28032,هر,30.457290767903366
12978,ردم,30.414150129421913
24922,لطم,30.371009490940466
2307,أقع,30.327868852459016
29975,ىبس,30.28472821397757
13397,ركم,30.241587575496116
20354,عهر,30.198446937014666
2404,أمح,30.15530629853322
23738,كسم,30.112165660051772
16822,صدع,30.06902502157032
13595,رىل,30.02588438308887
15325,سنط,29.982743744607422
5220,بط,29.939603106125972
5623,بوق,29.89646246764452
1946,أرك,29.85332182916307
19564,عأص,29.81018119068162
30470,ىطع,29.767040552200175
13493,رنه,29.72389991371872
20256,علك,29.68075927523727
30658,ىكد,29.637618636755825
26924,ندع,29.594477998274378
30814,ىهل,29.551337359792925
5400,بقص,29.508196721311474
24449,لبر,29.465056082830028
28415,همر,29.421915444348578
27580,نىن,29.378774805867124
20196,عقم,29.335634167385678
13551,روع,29.292493528904227
18740,طلى,29.24935289042278
4763,ببن,29.206212251941327
29218,وصد,29.163071613459877
14556,سأع,29.11993097497843
26607,نأك,29.076790336496984
18404,طر,29.03364969801553
29555,ومص,28.99050905953408
9074,حأم,28.947368421052634
25270,لوب,28.904227782571184
1635,أبص,28.86108714408973
29873,ىأو,28.817946505608283
29168,وسو,28.774805867126833
19887,عرى,28.731665228645387
28807,وبل,28.688524590163933
9464,حسأ,28.645383951682486
30612,ىق,28.602243313201036
25738,محق,28.559102674719583
25047,لق,28.515962036238136
24075,كمى,28.472821397756686
28393,هله,28.42968075927524
24774,لس,28.364969801553062
14566,سأى,28.364969801553062
15390,سوط,28.30025884383089
29874,ىأى,28.257118205349443
5461,بلح,28.21397756686799
9604,حطك,28.17083692838654
15342,سهأ,28.127696289905092
15400,سوه,28.084555651423642
25292,لول,28.04141501294219
5442,بكك,27.998274374460742
23589,كدب,27.95513373597929
20336,عنو,27.911993097497845
18434,طره,27.86885245901639
28390,هلل,27.82571182053494
23424,كبل,27.782571182053495
18253,طبه,27.73943054357205
5048,برن,27.696289905090595
2522,أور,27.653149266609145
15258,سلق,27.610008628127698
27444,ننأ,27.566867989646248
30139,ىحك,27.523727351164794
30112,ىح,27.480586712683348
28337,هكأ,27.437446074201898
29869,ىأل,27.39430543572045
5161,بصب,27.351164797238997
24436,لبأ,27.308024158757547
25716,محأ,27.2648835202761
15396,سوك,27.221742881794654
22626,قدأ,27.1786022433132
30692,ىلح,27.13546160483175
23678,كرو,27.092320966350304
26374,منن,27.049180327868854
15086,سع,27.0060396893874
29986,ىبل,26.962899050905953
29140,وسأ,26.919758412424503
18854,طوع,26.876617773943057
2303,أقص,26.833477135461603
23067,قلع,26.790336496980157
28946,وحر,26.747195858498706
29442,وقس,26.70405522001726
25987,مصب,26.660914581535806
19571,عأق,26.617773943054356
16804,صدأ,26.57463330457291
25219,لنك,26.53149266609146
26411,مهى,26.488352027610006
30673,ىكل,26.44521138912856
30773,ىنط,26.402070750647113
5037,برص,26.358930112165663
27301,نق,26.31578947368421
22495,قبو,26.272648835202762
22463,قب,26.229508196721312
29606,ونى,26.18636755823986
12981,ردو,26.143226919758412
28385,هلع,26.100086281276962
11622,دلو,26.056945642795515
29569,ومى,26.01380500431406
24111,كنو,25.97066436583261
1486,أأأ,25.927523727351165
22480,قبس,25.88438308886972
24674,لدم,25.81967213114754
27473,ننى,25.81967213114754
5412,بقه,25.754961173425368
23076,قلو,25.711820534943918
30874,ىىر,25.668679896462464
23877,كعك,25.625539257981018
25796,مدر,25.582398619499568
25489,مأو,25.53925798101812
2502,أهه,25.496117342536667
20202,عك,25.452976704055217
26051,مطب,25.40983606557377
1997,أسب,25.366695427092324
27458,ننس,25.32355478861087
27552,نىأ,25.28041415012942
16856,صر,25.237273511647974
11574,دكر,25.194132873166524
11553,دقق,25.15099223468507
2288,أقأ,25.107851596203624
22750,قسأ,25.064710957722173
27419,نمد,25.021570319240727
26699,نبح,24.95685936151855
15062,سطع,24.95685936151855
5594,بهى,24.892148403796376
14664,سبك,24.849007765314926
23548,كحق,24.805867126833476
20052,عطس,24.762726488352026
5432,بكس,24.71958584987058
5589,بهل,24.67644521138913
30456,ىطب,24.63330457290768
15340,سه,24.59016393442623
28335,هك,24.547023295944783
1922,أرأ,24.50388265746333
18771,طمن,24.460742018981882
17250,صو,24.417601380500432
1950,أره,24.374460742018982
19660,عبو,24.331320103537532
18721,طلح,24.288179465056086
20036,عط,24.245038826574632
27028,نسأ,24.201898188093185
27155,نط,24.158757549611735
26612,نأو,24.115616911130285
1811,أحى,24.072476272648835
27052,نسك,24.02933563416739
16567,صأد,23.986194995685935
11730,دوب,23.94305435720449
20396,عوق,23.899913718723038
11618,دلل,23.856773080241588
29164,وسل,23.813632441760138
5114,بسك,23.770491803278688
17313,صىن,23.727351164797238
29856,ىأر,23.684210526315788
30852,ىوه,23.619499568593618
2425,أمو,23.619499568593618
5187,بصى,23.55478861087144
22890,قطو,23.51164797238999
27025,نس,23.46850733390854
13353,رقد,23.42536669542709
15327,سنع,23.382226056945644
30184,ىدب,23.339085418464194
28579,هىى,23.295944779982744
29698,وىس,23.252804141501294
25267,لوأ,23.209663503019843
5477,بلك,23.166522864538393
2375,ألط,23.123382226056947
24055,كمد,23.080241587575497
13076,رس,23.037100949094047
19661,عبى,22.993960310612596
28306,هق,22.950819672131146
29671,ووك,22.907679033649696
20296,عمم,22.86453839516825
29981,ىبع,22.8213977566868
25488,مأه,22.77825711820535
22711,قرم,22.7351164797239
23736,كسك,22.691975841242453
27489,نهد,22.648835202761
2578,أىو,22.605694564279553
28578,هىو,22.562553925798102
12916,رحى,22.519413287316652
28061,هره,22.476272648835202
24957,لعد,22.433132010353756
9356,حدن,22.389991371872302
28961,وحن,22.346850733390855
2285,أق,22.303710094909405
25260,لهه,22.260569456427955
1951,أرو,22.195858498705782
30783,ىنه,22.195858498705782
29456,وقه,22.131147540983605
26687,نب,22.08800690250216
16658,صبه,22.04486626402071
18166,طأع,22.001725625539258
26482,مىو,21.958584987057808
23673,كرك,21.91544434857636
18169,طأق,21.872303710094908
11737,دود,21.82916307161346
14857,سدس,21.78602243313201
24139,كهل,21.74288179465056
16875,صرع,21.69974115616911
25225,لنى,21.656600517687664
30784,ىنو,21.61345987920621
28677,وأح,21.570319240724764
9744,حكأ,21.527178602243314
28205,هطل,21.484037963761864
29269,وط,21.440897325280414
19649,عبط,21.397756686798964
20043,عطب,21.354616048317514
19929,عسب,21.311475409836063
18781,طنب,21.268334771354617
22596,قحط,21.225194132873167
1495,أأح,21.182053494391717
29098,وره,21.138912855910267
27351,نكر,21.095772217428816
5029,برح,21.052631578947366
5309,بعل,21.00949094046592
5181,بصك,20.96635030198447
28102,هسأ,20.92320966350302
29659,وور,20.88006902502157
23528,كح,20.836928386540123
19924,عس,20.79378774805867
9491,حسو,20.750647109577223
30206,ىدم,20.707506471095773
20004,عصم,20.664365832614322
2536,أوم,20.621225194132872
17227,صه,20.578084555651426
24334,لأق,20.534943917169972
23074,قلن,20.491803278688526
27342,نكب,20.448662640207075
19873,عرص,20.405522001725625
25068,لقط,20.362381363244175
13431,رلى,20.31924072476273
30816,ىهن,20.276100086281275
19853,عر,20.23295944779983
11557,دقن,20.18981880931838
30452,ىطأ,20.14667817083693
10962,دأق,20.103537532355478
25739,محك,20.06039689387403
22693,قرح,20.017256255392578
26442,موم,19.97411561691113
4748,ببر,19.93097497842968
25470,مأد,19.88783433994823
13107,رسى,19.84469370146678
2215,أعى,19.801553062985334
23612,كدى,19.75841242450388
5409,بقل,19.715271786022434
9824,حمس,19.672131147540984
25075,لقم,19.628990509059534
9872,حنه,19.585849870578084
26610,نأن,19.542709232096637
9345,حدس,19.499568593615184
18575,طع,19.456427955133737
24945,لع,19.413287316652287
9358,حدو,19.370146678170837
9873,حنو,19.327006039689387
5413,بقو,19.262295081967213
25741,محم,19.262295081967213
11470,دعو,19.19758412424504
27515,نوأ,19.15444348576359
15175,سق,19.11130284728214
27367,نكه,19.06816220880069
29299,وطه,19.02502157031924
26927,ندق,18.981880931837793
11560,دقى,18.93874029335634
16744,صحأ,18.895599654874893
2412,أمص,18.852459016393443
9878,حه,18.809318377911993
30836,ىور,18.766177739430542
27054,نسم,18.723037100949096
25277,لود,18.679896462467642
9767,حكو,18.636755823986196
29502,ولب,18.593615185504746
27556,نىب,18.550474547023295
25257,لهل,18.507333908541845
27347,نكح,18.4641932700604
23531,كحب,18.421052631578945
14915,سرع,18.3779119930975
25804,مدع,18.33477135461605
25925,مسد,18.2916307161346
25944,مسى,18.24849007765315
1878,أدن,18.2053494391717
18746,طمأ,18.162208800690248
5312,بعه,18.1190681622088
25332,لىم,18.07592752372735
29341,وعر,18.0327868852459
22864,قطأ,17.98964624676445
9960,حىك,17.946505608283005
25209,لنس,17.90336496980155
13396,ركل,17.860224331320104
25147,للم,17.817083692838654
9867,حنق,17.773943054357204
11344,دسم,17.730802415875754
5479,بلم,17.687661777394307
13559,روه,17.644521138912854
9167,حبن,17.601380500431407
23553,كحه,17.558239861949957
27997,هدو,17.515099223468507
9711,حقب,17.471958584987057
27709,هأس,17.42881794650561
11377,دص,17.385677308024157
28063,هرى,17.34253666954271
30533,ىعق,17.29939603106126
30537,ىعن,17.25625539257981
20175,عق,17.21311475409836
29704,وىع,17.169974115616913
26044,مط,17.126833477135463
15265,سلى,17.083692838654013
28053,هرع,17.040552200172563
27363,نكك,16.997411561691113
20090,عع,16.954270923209663
18325,طح,16.911130284728216
11765,دىأ,16.867989646246766
24466,لبو,16.824849007765316
28540,هوو,16.781708369283866
16582,صأل,16.738567730802416
15264,سلو,16.695427092320966
2020,أسن,16.652286453839515
27119,نصك,16.60914581535807
24465,لبه,16.566005176876615
30409,ىصم,16.52286453839517
27436,نمن,16.47972389991372
18850,طوس,16.43658326143227
10967,دأه,16.39344262295082
9753,حكر,16.35030198446937
27218,نعس,16.307161345987918
22830,قصم,16.26402070750647
29564,ومل,16.22088006902502
2477,أهب,16.17773943054357
2210,أعل,16.13459879206212
26291,ملط,16.091458153580675
24048,كمب,16.04831751509922
23335,كأك,16.005176876617774
27698,هأب,15.962036238136324
29169,وسى,15.918895599654876
29847,ىأب,15.875754961173424
27817,هبى,15.832614322691976
28360,هكى,15.789473684210526
30790,ىهأ,15.746333045729077
9809,حمأ,15.703192407247627
25296,لوو,15.660051768766179
5502,بمر,15.616911130284727
29094,ورك,15.573770491803279
25336,لىى,15.530629853321829
30526,ىعص,15.48748921484038
23191,قوص,15.44434857635893
15048,سطأ,15.401207937877482
25295,لوه,15.35806729939603
9736,حقو,15.314926660914582
9787,حلس,15.271786022433131
14544,سأح,15.228645383951683
27518,نوب,15.185504745470233
29977,ىبص,15.142364106988785
24460,لبق,15.099223468507333
17297,صىح,15.056082830025886
20259,علن,15.012942191544434
1647,أبه,14.969801553062986
29478,وكس,14.926660914581536
29599,ونق,14.883520276100088
29088,ورط,14.840379637618636
10949,دأد,14.797238999137189
24743,لرى,14.754098360655737
28523,هور,14.710957722174289
23112,قن,14.667817083692839
24073,كمه,14.603106125970664
2575,أىم,14.603106125970664
9838,حمه,14.538395168248492
15321,سنس,14.49525452976704
17225,صنو,14.452113891285592
9836,حمم,14.408973252804142
24842,لصأ,14.365832614322693
15178,سقأ,14.322691975841243
23331,كأع,14.279551337359791
13495,رنى,14.236410698878343
13445,رمد,14.193270060396893
4977,بدق,14.150129421915445
23108,قمن,14.106988783433994
25223,لنه,14.063848144952546
5669,بىى,14.020707506471094
11690,دنى,13.977566867989646
19885,عره,13.934426229508196
29973,ىبر,13.891285591026747
2453,أنط,13.848144952545297
29230,وصم,13.805004314063849
24711,لر,13.761863675582397
18174,طأه,13.718723037100949
27439,نمى,13.675582398619499
25809,مدل,13.610871440897327
23239,قىو,13.610871440897327
23996,ككك,13.546160483175152
5445,بكن,13.5030198446937
27540,نول,13.459879206212252
18685,طقه,13.416738567730802
13081,رسب,13.373597929249353
9343,حدر,13.330457290767903
9797,حلك,13.287316652286455
28334,هقى,13.244176013805003
28430,همن,13.201035375323556
17027,صعق,13.157894736842104
5665,بىم,13.114754098360656
30827,ىوب,13.071613459879206
26231,مقل,13.028472821397758
26439,موق,12.985332182916306
26707,نبص,12.94219154443486
24096,كنس,12.899050905953407
27441,نن,12.855910267471959
29602,ونم,12.812769628990509
9951,حىس,12.76962899050906
27399,نلم,12.726488352027609
10938,دأأ,12.683347713546162
28394,هلو,12.64020707506471
23131,قنع,12.597066436583262
11775,دىد,12.553925798101812
30651,ىكب,12.510785159620363
23649,كرأ,12.467644521138913
24335,لأك,12.424503882657463
5421,بكب,12.381363244176013
18744,طم,12.338222605694565
24650,لدأ,12.295081967213115
18852,طوط,12.251941328731665
30195,ىدس,12.208800690250216
26445,موو,12.165660051768766
25076,لقن,12.122519413287316
2316,أقو,12.079378774805868
9947,حىد,12.014667817083694
24926,لطى,12.014667817083694
18461,طس,11.949956859361519
2509,أوأ,11.906816220880069
23413,كبس,11.863675582398619
28781,وبأ,11.82053494391717
13345,رقأ,11.77739430543572
20372,عو,11.73425366695427
26350,منب,11.691113028472822
2552,أىب,11.647972389991372
19578,عأى,11.604831751509922
25171,لمر,11.561691113028473
22416,قأو,11.496980155306298
11608,دلس,11.496980155306298
29542,ومب,11.432269197584125
2147,أطق,11.389128559102675
22403,قأص,11.345987920621226
23714,كسأ,11.302847282139776
17137,صكه,11.238136324417601
20398,عول,11.238136324417601
15435,سىق,11.173425366695428
13478,رند,11.130284728213978
24796,لسع,11.08714408973253
22703,قرط,11.04400345125108
30887,ىىل,11.000862812769629
15046,سط,10.95772217428818
5235,بطر,10.91458153580673
2013,أسع,10.87144089732528
30889,ىىن,10.828300258843832
23679,كرى,10.785159620362382
2573,أىك,10.742018981880932
29272,وطأ,10.698878343399482
17277,صول,10.655737704918032
12962,ردح,10.612597066436583
25279,لور,10.569456427955133
16772,صحو,10.526315789473683
5180,بصق,10.483175150992235
15420,سىح,10.440034512510785
30892,ىىى,10.396893874029335
11623,دلى,10.353753235547886
2212,أعن,10.310612597066436
27306,نقب,10.267471958584986
27304,نقأ,10.224331320103538
23175,قوأ,10.181190681622088
11689,دنو,10.138050043140638
23167,قهم,10.09490940465919
30779,ىنك,10.051768766177739
4766,ببى,10.008628127696289
20386,عور,9.96548748921484
18144,طأ,9.92234685073339
27207,نع,9.87920621225194
12782,ربو,9.836065573770492
5118,بسه,9.792924935289042
2017,أسك,9.749784296807592
28469,هنو,9.706643658326144
29590,ونس,9.663503019844693
1517,أأى,9.620362381363243
9955,حىط,9.577221742881795
5168,بصد,9.534081104400345
25078,لقو,9.490940465918897
5600,بوأ,9.447799827437446
13461,رمم,9.404659188955996
24461,لبك,9.361518550474548
23429,كبى,9.318377911993098
5185,بصه,9.275237273511648
27222,نعط,9.2320966350302
22414,قأن,9.18895599654875
27108,نصد,9.1458153580673
9352,حدق,9.10267471958585
23427,كبه,9.037963761863676
24169,كوع,9.037963761863676
29086,ورص,8.973252804141502
24163,كوس,8.930112165660052
20403,عوى,8.886971527178602
28099,هس,8.822260569456427
14806,سحل,8.822260569456427
13522,رهم,8.757549611734254
25093,لكح,8.714408973252805
5428,بكد,8.671268334771355
5410,بقم,8.628127696289905
28575,هىم,8.584987057808457
16866,صرد,8.541846419327007
24447,لبد,8.498705780845556
22912,قع,8.455565142364108
25183,لمك,8.412424503882658
27057,نسو,8.369283865401208
9900,حو,8.326143226919758
16554,صأ,8.283002588438308
9158,حبط,8.218291630716134
29710,وىم,8.218291630716134
29969,ىبح,8.153580672993959
28124,هسى,8.11044003451251
25318,لىر,8.06729939603106
27533,نوط,8.02415875754961
28681,وأر,7.981018119068162
9868,حنك,7.937877480586712
9072,حأك,7.894736842105263
13009,رر,7.851596203623814
15426,سىس,7.8084555651423635
25581,مبر,7.765314926660914
17118,صكأ,7.722174288179465
27437,نمه,7.679033649698015
23974,كك,7.635893011216566
28958,وحك,7.5927523727351165
4752,ببص,7.549611734253666
17172,صمأ,7.506471095772217
14669,سبو,7.463330457290768
18757,طمر,7.420189818809318
25568,مبأ,7.377049180327869
11755,دوه,7.333908541846419
13362,رقع,7.290767903364969
13500,رهأ,7.24762726488352
13463,رمه,7.204486626402071
9766,حكه,7.161345987920622
2461,أنم,7.1182053494391715
24021,كلس,7.075064710957722
18860,طوم,7.031924072476273
30256,ىرح,6.988783433994823
26289,ملص,6.945642795513374
1805,أحك,6.9025021570319245
25066,لقص,6.859361518550474
30644,ىقو,6.816220880069025
9833,حمق,6.773080241587576
27371,نل,6.729939603106126
27563,نىد,6.686798964624677
18899,طىه,6.643658326143227
9720,حقر,6.600517687661778
2065,أصب,6.557377049180328
27331,نقه,6.514236410698879
26840,نحأ,6.47109577221743
26870,نحى,6.4279551337359795
17106,صقع,6.38481449525453
2462,أنن,6.341673856773081
15440,سىه,6.298533218291631
24105,كنق,6.255392579810182
29016,ودر,6.212251941328732
27177,نطل,6.169111302847282
12979,ردن,6.125970664365832
17226,صنى,6.082830025884383
1862,أدد,6.039689387402934
28044,هرد,5.996548748921484
19632,عبأ,5.9534081104400345
25813,مدو,5.910267471958585
16813,صدح,5.867126833477135
23146,قهأ,5.823986194995686
26838,نح,5.780845556514237
15067,سطل,5.737704918032787
9071,حأق,5.694564279551337
11178,دحو,5.651423641069888
11795,دىى,5.608283002588439
25290,لوق,5.565142364106989
11559,دقو,5.5004314063848145
27164,نطح,5.5004314063848145
29457,وقو,5.43572044866264
24092,كند,5.392579810181191
20427,عىط,5.349439171699741
27461,ننط,5.306298533218292
26993,نره,5.263157894736842
4736,ببأ,5.220017256255392
29464,وكأ,5.176876617773943
26205,مق,5.133735979292493
30847,ىوق,5.090595340811044
2513,أوب,5.047454702329595
25188,لمو,5.0043140638481445
19575,عأن,4.961173425366695
5183,بصم,4.918032786885246
25329,لىق,4.874892148403796
4761,ببل,4.810181190681622
11594,دلأ,4.810181190681622
5647,بىح,4.745470232959448
25993,مصد,4.702329594477998
26119,معر,4.659188955996549
13598,رىه,4.6160483175151
30840,ىوص,4.57290767903365
12915,رحو,4.5297670405522
30522,ىعر,4.486626402070751
5592,بهه,4.443485763589301
27470,ننن,4.400345125107852
29162,وسق,4.357204486626403
30677,ىكو,4.3140638481449525
4916,بحن,4.270923209663503
23099,قمط,4.227782571182054
24790,لسر,4.184641932700604
24057,كمر,4.141501294219154
27353,نكس,4.098360655737705
27504,نهل,4.055220017256255
2021,أسه,4.012079378774805
26591,نأح,3.968938740293356
27471,ننه,3.925798101811907
11654,دمو,3.882657463330457
2501,أهن,3.8395168248490075
23106,قمل,3.7963761863675582
29231,وصن,3.7532355478861086
1512,أأل,3.710094909404659
11209,دد,3.6669542709232097
20223,عكل,3.62381363244176
25808,مدك,3.580672993960311
11048,دبع,3.537532355478861
20065,عطو,3.4943917169974115
28428,همل,3.429680759275237
25185,لمم,3.429680759275237
24973,لعم,3.364969801553063
26703,نبر,3.3218291630716137
18249,طبك,3.278688524590164
14807,سحم,3.235547886108715
11683,دنق,3.192407247627265
28308,هقأ,3.1492666091458155
25991,مصح,3.106125970664366
20284,عمس,3.062985332182916
5300,بعص,3.019844693701467
29458,وقى,2.9767040552200172
18435,طرو,2.9335634167385676
30209,ىدو,2.8904227782571184
11152,دح,2.8472821397756687
15436,سىك,2.8041415012942195
20321,عنس,2.76100086281277
23187,قور,2.71786022433132
5576,بهر,2.6747195858498705
30656,ىكح,2.631578947368421
28432,همو,2.5884383088869716
22582,قح,2.545297670405522
28790,وبح,2.5021570319240722
29228,وصك,2.459016393442623
23210,قىأ,2.4158757549611733
13106,رسو,2.372735116479724
27369,نكى,2.3295944779982745
13078,رسأ,2.286453839516825
15380,سوح,2.2433132010353756
26302,ملو,2.200172562553926
30339,ىسل,2.1570319240724762
16934,صص,2.113891285591027
24845,لصب,2.070750647109577
26966,نرأ,2.0276100086281277
30127,ىحر,1.984469370146678
20227,عكو,1.9413287316652286
2130,أطب,1.8981880931837791
19817,عدك,1.8550474547023295
15411,سىأ,1.7903364969801554
15230,سكل,1.7903364969801554
5251,بطو,1.7256255392579811
13104,رسن,1.6824849007765315
30274,ىرم,1.639344262295082
27166,نطر,1.5962036238136326
30251,ىرب,1.553062985332183
26235,مقو,1.5099223468507335
15089,سعأ,1.4667817083692838
28114,هسع,1.4236410698878343
29018,ودس,1.380500431406385
29467,وكب,1.3373597929249352
14786,سحأ,1.2942191544434858
30838,ىوس,1.2510785159620361
2325,أكب,1.2079378774805867
23129,قنط,1.1647972389991372
24948,لعأ,1.1216566005176878
28811,وبو,1.0785159620362381
2297,أقد,1.0353753235547885
25145,للك,0.992234685073339
28693,وأك,0.9490940465918896
30633,ىقط,0.90595340811044
26240,مكأ,0.8628127696289906
27920,هحب,0.7981018119068163
22486,قبع,0.7981018119068163
30854,ىوى,0.7333908541846419
30625,ىقد,0.6902502157031924
26929,ندل,0.6471095772217429
29600,ونك,0.6039689387402933
11652,دمن,0.5608283002588439
29029,ودن,0.5176876617773942
30407,ىصك,0.4745470232959448
2022,أسو,0.4314063848144953
11342,دسك,0.36669542709232095
26932,نده,0.36669542709232095
15072,سطى,0.30198446937014667
18326,طحأ,0.2588438308886971
2352,أكى,0.21570319240724764
30853,ىوو,0.1725625539257981
26444,موه,0.12942191544434856
16882,صرن,0.08628127696289906
29567,ومه,0.04314063848144953
